Title,Price,Rating
PlayStation 5 (Slim) - (Renewed Premium),449.99,4
PlayStation®5 console (slim) with EA SPORTS College Football 25,568.00,3
PlayStation 5 Digital Edition - CFI-1102B,N/A,"Oct 22, 2021"
$150 PlayStation Store Gift Card [Digital Code],150.00,ESRB Rating: Everyone
"PS5 Slim Stand and Cooling Station with Dual Controller Charging Station for PlayStation 5 Slim Disc/Digital, Vertical Cooling Stand with 2 Headset Holder, 3 USB Hubs",12.49,12
"Logitech G29 Driving Force Racing Wheel and Floor Pedals, Real Force Feedback, Stainless Steel Paddle Shifters, Leather Steering Wheel Cover for PS5, PS4, PC, Mac - Black",N/A,"19,088"
EA SPORTS College Football 25 - PlayStation 5,69.00,"Jul 19, 2024"
"Game Console Backpack Compatible with Sony PlayStation 5 Console, Protective Travel Carrying Case for PS5 with USB Port for Headset,Game Discs and Accessories",29.99,8
PlayStation®5 Digital Edition (Slim) – (Renewed Premium),N/A,25
WD_BLACK,179.99,"4,382"
PlayStation PULSE Elite Wireless Headset,147.99,"Feb 21, 2024"
"PS5 Slim Stand and Cooling Station with Dual Controller Charging Station for PlayStation 5 Slim Disc/Digital, Vertical Cooling Stand with 2 Headset Holder, 3 USB Hubs",12.49,12
Seagate,129.99,287
Playstation Media Remote,29.95,Infrared
REYNATIS: Deluxe Edition - PlayStation 5,59.99,"Sep 27, 2024"
"PS5 / PS5 Slim Stand and Cooling Station with Dual Controller Charging Station for PlayStation 5 Console, PS5 Accessories Incl. Controller Charger, Cooling Fan, Headset Holder, 3 USB Hub, Screw-White",39.99,"5,759"
"Ps5 Slim Console Cooling Station,Ps5 Slim(Disc & Digital Editions) Stand Accessories with 2 Cooling Fan&2 Controller Charging Station,Playstation 5 Cooling Stand with RGB Light,Headset holder,3 USB",42.99,84
PlayStation®5 console (slim),499.00,"Dec 10, 2023"
"PS5/ PS5 Slim Stand for Disc & Digital Console, PS5 Cooling & Charging Station with 3-Level Fan & RGB LED, PS5 Controller Charger for PS5 & Edge Controller, PS5/Slim Accessories with 3 Charging Ports",36.99,460
"STARTRC GAMES Hard Shell Travel Case for PS5 Slim , Shock-Absorbing Protection Waterproof Carrying Case Compatible with PlayStation 5 Slim Console, Controllers, Game Cartridge and Accessories",89.99,5
"[for PS5 Slim Disc Edition] NowSkins Superhero Slim Skin for PlayStation 5 Slim, Premium 3M Vinyl Cover Skins Wraps Set for PlayStation 5 Slim Disc Edition and Controller Stickers",27.99,122
